{
  "Get Book Statistics" : {
    "transaction" : "Get Book Statistics",
    "sampleCount" : 1000,
    "errorCount" : 0,
    "errorPct" : 0.0,
    "meanResTime" : 0.8579999999999993,
    "medianResTime" : 1.0,
    "minResTime" : 0.0,
    "maxResTime" : 48.0,
    "pct1ResTime" : 2.0,
    "pct2ResTime" : 2.0,
    "pct3ResTime" : 4.0,
    "throughput" : 101.1326860841424,
    "receivedKBytesPerSec" : 40.39381700040453,
    "sentKBytesPerSec" : 12.937872926779935
  },
  "Total" : {
    "transaction" : "Total",
    "sampleCount" : 2000,
    "errorCount" : 0,
    "errorPct" : 0.0,
    "meanResTime" : 1.3544999999999998,
    "medianResTime" : 1.0,
    "minResTime" : 0.0,
    "maxResTime" : 48.0,
    "pct1ResTime" : 3.0,
    "pct2ResTime" : 3.0,
    "pct3ResTime" : 4.0,
    "throughput" : 202.24491859642026,
    "receivedKBytesPerSec" : 66.75662352108404,
    "sentKBytesPerSec" : 26.86065325108707
  },
  "Get Paginated Books" : {
    "transaction" : "Get Paginated Books",
    "sampleCount" : 1000,
    "errorCount" : 0,
    "errorPct" : 0.0,
    "meanResTime" : 1.850999999999999,
    "medianResTime" : 2.0,
    "minResTime" : 0.0,
    "maxResTime" : 29.0,
    "pct1ResTime" : 3.0,
    "pct2ResTime" : 3.0,
    "pct3ResTime" : 4.0,
    "throughput" : 101.6260162601626,
    "receivedKBytesPerSec" : 26.498189786585368,
    "sentKBytesPerSec" : 13.993426067073171
  }
}